,HstackSize,NeedleSize,NeedleType,StartSam,dSNR,entropy_hex,file_name,sigma,start_window,norm_entropy,geometry,sweep size (bytes)
0,1000000,250000.0,sine,386340.0,5.0,b'FF9AC8FFF528FF00',5.0db_10.0sigma_haystacks/2018-03-29_173412__0.txt,10.0,b'000000000008EDBF',0.998455584039366,10,5000
1,1000000,250000.0,sine,316428.0,5.0,b'FFF360969A343B11',5.0db_10.0sigma_haystacks/2018-03-29_173412__1.txt,10.0,b'0000000000000000',0.9998073928529302,10,5000
2,1000000,250000.0,sine,389798.0,5.0,b'FF4FA765234910CC',5.0db_10.0sigma_haystacks/2018-03-29_173412__2.txt,10.0,b'00000000000625D9',0.997309171859602,10,5000
3,1000000,250000.0,sine,55465.0,5.0,b'FFF39920AAD80219',5.0db_10.0sigma_haystacks/2018-03-29_173412__3.txt,10.0,b'00000000000246CA',0.9998107628588002,10,5000
4,1000000,250000.0,sine,337603.0,5.0,b'FF63034EDA303F9E',5.0db_10.0sigma_haystacks/2018-03-29_173412__4.txt,10.0,b'000000000005F60D',0.9976045672903532,10,5000
5,1000000,250000.0,sine,420494.0,5.0,b'FF43273CDB618758',5.0db_10.0sigma_haystacks/2018-03-29_173412__5.txt,10.0,b'000000000007903A',0.9971184276176982,10,5000
6,1000000,250000.0,sine,287837.0,5.0,b'FFF0D0D0DEEB7475',5.0db_10.0sigma_haystacks/2018-03-29_173412__6.txt,10.0,b'00000000000484B6',0.9997683057726316,10,5000
7,1000000,250000.0,sine,75992.0,5.0,b'FFE6456FCAB68FCB',5.0db_10.0sigma_haystacks/2018-03-29_173412__7.txt,10.0,b'0000000000044A72',0.9996074102334324,10,5000
8,1000000,250000.0,sine,647017.0,5.0,b'FFE8FB4035D35F87',5.0db_10.0sigma_haystacks/2018-03-29_173412__8.txt,10.0,b'00000000000C79DB',0.999648764778454,10,5000
9,1000000,250000.0,sine,374980.0,5.0,b'FF57A588DD2A4AD7',5.0db_10.0sigma_haystacks/2018-03-29_173412__9.txt,10.0,b'000000000008BC13',0.9974311312809416,10,5000
10,1000000,,noise,,,b'FFF312A7980C8FCF',5.0db_10.0sigma_haystacks/2018-03-29_175746__0.txt,10.0,b'0000000000000000',0.9998027476467988,10,5000
11,1000000,,noise,,,b'FFF2B918FDA0152F',5.0db_10.0sigma_haystacks/2018-03-29_175746__1.txt,10.0,b'0000000000000000',0.9997974096310148,10,5000
12,1000000,,noise,,,b'FFF423A1E8A1DA79',5.0db_10.0sigma_haystacks/2018-03-29_175746__2.txt,10.0,b'00000000000882E1',0.9998190183911284,10,5000
13,1000000,,noise,,,b'FFF384EFB7CC0ED3',5.0db_10.0sigma_haystacks/2018-03-29_175746__3.txt,10.0,b'0000000000000000',0.9998095593689842,10,5000
14,1000000,,noise,,,b'FFF30C3A7385F037',5.0db_10.0sigma_haystacks/2018-03-29_175746__4.txt,10.0,b'0000000000033254',0.9998023646071701,10,5000
15,1000000,,noise,,,b'FFF37737C6B01712',5.0db_10.0sigma_haystacks/2018-03-29_175746__5.txt,10.0,b'00000000000651CF',0.9998087416813068,10,5000
16,1000000,,noise,,,b'FFF25AFF42D2B157',5.0db_10.0sigma_haystacks/2018-03-29_175746__6.txt,10.0,b'0000000000000000',0.9997918008037441,10,5000
17,1000000,,noise,,,b'FFF28BB05D7B4184',5.0db_10.0sigma_haystacks/2018-03-29_175746__7.txt,10.0,b'000000000001F485',0.9997947030619628,10,5000
18,1000000,,noise,,,b'FFF4234771B0E37F',5.0db_10.0sigma_haystacks/2018-03-29_175746__8.txt,10.0,b'000000000005B44E',0.9998189973281941,10,5000
19,1000000,,noise,,,b'FFF2DEFB8BF8AFB1',5.0db_10.0sigma_haystacks/2018-03-29_175746__9.txt,10.0,b'0000000000000000',0.99979966775206,10,5000
20,1000000,250000.0,sine,225715.0,5.0,b'FFF32380B103C3FF',5.0db_10.0sigma_haystacks/2018-03-29_181746__0.txt,10.0,b'0000000000000000',0.9998037518680708,10,5000
21,1000000,250000.0,sine,255550.0,5.0,b'FFE4A9DF6508882D',5.0db_10.0sigma_haystacks/2018-03-29_181746__1.txt,10.0,b'000000000007982C',0.9995828791043398,10,5000
22,1000000,250000.0,sine,448477.0,5.0,b'FFF39106017A37A0',5.0db_10.0sigma_haystacks/2018-03-29_181746__10.txt,10.0,b'000000000004FC03',0.9998102798140076,10,5000
23,1000000,250000.0,sine,231027.0,5.0,b'FFF2F49397D793AB',5.0db_10.0sigma_haystacks/2018-03-29_181746__11.txt,10.0,b'0000000000046817',0.9998009548506545,10,5000
24,1000000,250000.0,sine,652772.0,5.0,b'FF2FE313F06DCEA6',5.0db_10.0sigma_haystacks/2018-03-29_181746__12.txt,10.0,b'00000000000DB2C6',0.9968244479827526,10,5000
25,1000000,250000.0,sine,656523.0,5.0,b'FFF16FF967E02F65',5.0db_10.0sigma_haystacks/2018-03-29_181746__13.txt,10.0,b'0000000000000000',0.9997777923489372,10,5000
26,1000000,250000.0,sine,505097.0,5.0,b'FF31143E28F7A6E7',5.0db_10.0sigma_haystacks/2018-03-29_181746__14.txt,10.0,b'000000000008F1F0',0.9968426372297176,10,5000
27,1000000,250000.0,sine,406329.0,5.0,b'FFF231F072C1CCC9',5.0db_10.0sigma_haystacks/2018-03-29_181746__15.txt,10.0,b'000000000007FD44',0.9997893535644444,10,5000
28,1000000,250000.0,sine,609158.0,5.0,b'FFF41BE16F13938F',5.0db_10.0sigma_haystacks/2018-03-29_181746__16.txt,10.0,b'00000000000D9575',0.9998185563445772,10,5000
29,1000000,250000.0,sine,479617.0,5.0,b'FFF319BC9463345D',5.0db_10.0sigma_haystacks/2018-03-29_181746__17.txt,10.0,b'000000000003536E',0.9998031697654256,10,5000
30,1000000,250000.0,sine,590279.0,5.0,b'FFF362314EA8E947',5.0db_10.0sigma_haystacks/2018-03-29_181746__18.txt,10.0,b'0000000000043952',0.9998074884776176,10,5000
31,1000000,250000.0,sine,172295.0,5.0,b'FFB104DA410DEFAA',5.0db_10.0sigma_haystacks/2018-03-29_181746__19.txt,10.0,b'000000000005AD59',0.9987948448988886,10,5000
32,1000000,250000.0,sine,677151.0,5.0,b'FFF337B2D65021FF',5.0db_10.0sigma_haystacks/2018-03-29_181746__2.txt,10.0,b'0000000000000000',0.9998049556364212,10,5000
33,1000000,250000.0,sine,76961.0,5.0,b'FF575E4BFEE1C17A',5.0db_10.0sigma_haystacks/2018-03-29_181746__20.txt,10.0,b'000000000002013C',0.9974268851791585,10,5000
34,1000000,250000.0,sine,697663.0,5.0,b'FFF334DD6333F2AE',5.0db_10.0sigma_haystacks/2018-03-29_181746__21.txt,10.0,b'0000000000000000',0.9998047867295126,10,5000
35,1000000,250000.0,sine,721189.0,5.0,b'FF7F8FD9D3EAC1B4',5.0db_10.0sigma_haystacks/2018-03-29_181746__22.txt,10.0,b'00000000000E517C',0.9980401903921274,10,5000
36,1000000,250000.0,sine,95058.0,5.0,b'FFEE1D33D8EDAEBC',5.0db_10.0sigma_haystacks/2018-03-29_181746__23.txt,10.0,b'000000000004935A',0.9997270824032316,10,5000
37,1000000,250000.0,sine,24912.0,5.0,b'FFF203665968EBEB',5.0db_10.0sigma_haystacks/2018-03-29_181746__24.txt,10.0,b'0000000000000000',0.9997865795971028,10,5000
38,1000000,250000.0,sine,287869.0,5.0,b'FFF28066A10E7172',5.0db_10.0sigma_haystacks/2018-03-29_181746__25.txt,10.0,b'0000000000000000',0.9997940302428618,10,5000
39,1000000,250000.0,sine,43112.0,5.0,b'FFC3FF6EABAEDCE1',5.0db_10.0sigma_haystacks/2018-03-29_181746__26.txt,10.0,b'0000000000016B09',0.9990844388191208,10,5000
40,1000000,250000.0,sine,727773.0,5.0,b'FFB07204EC228181',5.0db_10.0sigma_haystacks/2018-03-29_181746__27.txt,10.0,b'00000000000D27A7',0.9987860929505904,10,5000
41,1000000,250000.0,sine,51678.0,5.0,b'FFE9D87B66485648',5.0db_10.0sigma_haystacks/2018-03-29_181746__28.txt,10.0,b'0000000000015A66',0.9996619511860286,10,5000
42,1000000,250000.0,sine,494059.0,5.0,b'FF5FBE604A601C77',5.0db_10.0sigma_haystacks/2018-03-29_181746__29.txt,10.0,b'0000000000099FC9',0.9975546822628308,10,5000
43,1000000,250000.0,sine,445840.0,5.0,b'FF5D8EC5BC4B1900',5.0db_10.0sigma_haystacks/2018-03-29_181746__3.txt,10.0,b'000000000007133E',0.9975213272812592,10,5000
44,1000000,250000.0,sine,352259.0,5.0,b'FFF0CB67ABDFC3F3',5.0db_10.0sigma_haystacks/2018-03-29_181746__30.txt,10.0,b'0000000000000000',0.9997679832557642,10,5000
45,1000000,250000.0,sine,707403.0,5.0,b'FFF376F34C926516',5.0db_10.0sigma_haystacks/2018-03-29_181746__31.txt,10.0,b'00000000000D70ED',0.9998087257377593,10,5000
46,1000000,250000.0,sine,562373.0,5.0,b'FFF313C969FB4AF5',5.0db_10.0sigma_haystacks/2018-03-29_181746__32.txt,10.0,b'00000000000C2416',0.9998028151257872,10,5000
47,1000000,250000.0,sine,232894.0,5.0,b'FF6FB1E1A09AFCC6',5.0db_10.0sigma_haystacks/2018-03-29_181746__33.txt,10.0,b'0000000000063EE2',0.9977980781410274,10,5000
48,1000000,250000.0,sine,177796.0,5.0,b'FFF2A99D7510108C',5.0db_10.0sigma_haystacks/2018-03-29_181746__34.txt,10.0,b'000000000002B788',0.999796486798971,10,5000
49,1000000,250000.0,sine,713291.0,5.0,b'FFF2C12DEA27C8B8',5.0db_10.0sigma_haystacks/2018-03-29_181746__35.txt,10.0,b'00000000000D61AC',0.9997978913399088,10,5000
50,1000000,250000.0,sine,446953.0,5.0,b'FF367D86AC66EB00',5.0db_10.0sigma_haystacks/2018-03-29_181746__36.txt,10.0,b'0000000000096B19',0.9969252065460767,10,5000
51,1000000,250000.0,sine,288605.0,5.0,b'FFF2260FB096FC5D',5.0db_10.0sigma_haystacks/2018-03-29_181746__37.txt,10.0,b'0000000000000000',0.9997886455826936,10,5000
52,1000000,250000.0,sine,244592.0,5.0,b'FF44F5E04F1D6385',5.0db_10.0sigma_haystacks/2018-03-29_181746__38.txt,10.0,b'000000000005ABDC',0.9971460030202386,10,5000
53,1000000,250000.0,sine,578697.0,5.0,b'FF3A0112CFC8635E',5.0db_10.0sigma_haystacks/2018-03-29_181746__39.txt,10.0,b'00000000000C4F40',0.9969788237501986,10,5000
54,1000000,250000.0,sine,509716.0,5.0,b'FF9FA1A3F01F1C87',5.0db_10.0sigma_haystacks/2018-03-29_181746__4.txt,10.0,b'00000000000AB886',0.9985295319785306,10,5000
55,1000000,250000.0,sine,646530.0,5.0,b'FFE314282AF03DAC',5.0db_10.0sigma_haystacks/2018-03-29_181746__40.txt,10.0,b'00000000000D0802',0.9995586965623612,10,5000
56,1000000,250000.0,sine,357883.0,5.0,b'FFD924AE7FF7CEDC',5.0db_10.0sigma_haystacks/2018-03-29_181746__41.txt,10.0,b'000000000005EC98',0.9994070936226926,10,5000
57,1000000,250000.0,sine,609781.0,5.0,b'FFE8F139CA783C84',5.0db_10.0sigma_haystacks/2018-03-29_181746__42.txt,10.0,b'00000000000BE7B7',0.9996481672373828,10,5000
58,1000000,250000.0,sine,687334.0,5.0,b'FFD3391EF9A27E7E',5.0db_10.0sigma_haystacks/2018-03-29_181746__43.txt,10.0,b'00000000000D9159',0.9993167591689004,10,5000
59,1000000,250000.0,sine,604384.0,5.0,b'FFF303E26CEA6658',5.0db_10.0sigma_haystacks/2018-03-29_181746__44.txt,10.0,b'0000000000000000',0.9998018672749056,10,5000
60,1000000,250000.0,sine,394644.0,5.0,b'FFE586D7C7FE0FA9',5.0db_10.0sigma_haystacks/2018-03-29_181746__45.txt,10.0,b'00000000000890E2',0.9995960499581928,10,5000
61,1000000,250000.0,sine,628460.0,5.0,b'FF35BB83892408C8',5.0db_10.0sigma_haystacks/2018-03-29_181746__46.txt,10.0,b'00000000000D1B41',0.9969136425144286,10,5000
62,1000000,250000.0,sine,285791.0,5.0,b'FFD54A44CC99ACC2',5.0db_10.0sigma_haystacks/2018-03-29_181746__47.txt,10.0,b'000000000006812A',0.9993482988325926,10,5000
63,1000000,250000.0,sine,446560.0,5.0,b'FFDF7C6C422CC031',5.0db_10.0sigma_haystacks/2018-03-29_181746__48.txt,10.0,b'000000000008BB85',0.9995038761427848,10,5000
64,1000000,250000.0,sine,506495.0,5.0,b'FF9B6FFE3553E854',5.0db_10.0sigma_haystacks/2018-03-29_181746__49.txt,10.0,b'0000000000081EE0',0.9984655376077424,10,5000
65,1000000,250000.0,sine,74100.0,5.0,b'FF5C87D65511A745',5.0db_10.0sigma_haystacks/2018-03-29_181746__5.txt,10.0,b'00000000000160E2',0.9975056551239222,10,5000
66,1000000,250000.0,sine,62597.0,5.0,b'FFF1004EFF4CD70D',5.0db_10.0sigma_haystacks/2018-03-29_181746__6.txt,10.0,b'0000000000036D97',0.9997711365570467,10,5000
67,1000000,250000.0,sine,663783.0,5.0,b'FFF32CD198EEFC7A',5.0db_10.0sigma_haystacks/2018-03-29_181746__7.txt,10.0,b'0000000000077B73',0.9998043071472544,10,5000
68,1000000,250000.0,sine,168530.0,5.0,b'FF47F480D3375575',5.0db_10.0sigma_haystacks/2018-03-29_181746__8.txt,10.0,b'000000000002D154',0.9971916975511852,10,5000
69,1000000,250000.0,sine,454929.0,5.0,b'FFF1F6C54A11D509',5.0db_10.0sigma_haystacks/2018-03-29_181746__9.txt,10.0,b'0000000000092E2C',0.9997858268416802,10,5000
70,1000000,,noise,,,b'FFF1F5A84DA1A655',5.0db_10.0sigma_haystacks/2018-03-29_181802__0.txt,10.0,b'0000000000000000',0.999785760488186,10,5000
71,1000000,,noise,,,b'FFF37A6BACE89819',5.0db_10.0sigma_haystacks/2018-03-29_181802__1.txt,10.0,b'0000000000000000',0.9998089325789884,10,5000
72,1000000,,noise,,,b'FFF325563BF4D064',5.0db_10.0sigma_haystacks/2018-03-29_181802__10.txt,10.0,b'0000000000000000',0.9998038611920096,10,5000
73,1000000,,noise,,,b'FFF26B5A2C2CF777',5.0db_10.0sigma_haystacks/2018-03-29_181802__11.txt,10.0,b'0000000000000000',0.9997927756450514,10,5000
74,1000000,,noise,,,b'FFF3EECB8ABE1E67',5.0db_10.0sigma_haystacks/2018-03-29_181802__12.txt,10.0,b'000000000003C9D5',0.9998158690384504,10,5000
75,1000000,,noise,,,b'FFF24A99D9D6FE4E',5.0db_10.0sigma_haystacks/2018-03-29_181802__13.txt,10.0,b'0000000000000000',0.9997908235180508,10,5000
76,1000000,,noise,,,b'FFF37AF9D1275DF7',5.0db_10.0sigma_haystacks/2018-03-29_181802__14.txt,10.0,b'0000000000000000',0.9998089656739046,10,5000
77,1000000,,noise,,,b'FFF2CF988AD915FE',5.0db_10.0sigma_haystacks/2018-03-29_181802__15.txt,10.0,b'0000000000025B17',0.9997987506311328,10,5000
78,1000000,,noise,,,b'FFF20D2634B44E91',5.0db_10.0sigma_haystacks/2018-03-29_181802__16.txt,10.0,b'0000000000000000',0.9997871607090061,10,5000
79,1000000,,noise,,,b'FFF37AECE5D69580',5.0db_10.0sigma_haystacks/2018-03-29_181802__17.txt,10.0,b'0000000000077064',0.9998089626659188,10,5000
80,1000000,,noise,,,b'FFF3FE0E2A2361AA',5.0db_10.0sigma_haystacks/2018-03-29_181802__18.txt,10.0,b'00000000000E8E77',0.999816778619914,10,5000
81,1000000,,noise,,,b'FFF2B0B1218967DD',5.0db_10.0sigma_haystacks/2018-03-29_181802__19.txt,10.0,b'0000000000000000',0.9997969086121308,10,5000
82,1000000,,noise,,,b'FFF376018150624B',5.0db_10.0sigma_haystacks/2018-03-29_181802__2.txt,10.0,b'0000000000041BF3',0.999808669440712,10,5000
83,1000000,,noise,,,b'FFF371347857C50E',5.0db_10.0sigma_haystacks/2018-03-29_181802__20.txt,10.0,b'0000000000000000',0.9998083832836918,10,5000
84,1000000,,noise,,,b'FFF3722165B7B5D4',5.0db_10.0sigma_haystacks/2018-03-29_181802__21.txt,10.0,b'0000000000000000',0.9998084384476148,10,5000
85,1000000,,noise,,,b'FFF36CA5FF815C9D',5.0db_10.0sigma_haystacks/2018-03-29_181802__22.txt,10.0,b'0000000000000000',0.9998081116932602,10,5000
86,1000000,,noise,,,b'FFF37CD1BDF9E54B',5.0db_10.0sigma_haystacks/2018-03-29_181802__23.txt,10.0,b'0000000000000000',0.9998090755525264,10,5000
87,1000000,,noise,,,b'FFF401A854BE9955',5.0db_10.0sigma_haystacks/2018-03-29_181802__24.txt,10.0,b'0000000000053220',0.9998169933285176,10,5000
88,1000000,,noise,,,b'FFF363969EAC35DE',5.0db_10.0sigma_haystacks/2018-03-29_181802__25.txt,10.0,b'00000000000822EB',0.9998075716709288,10,5000
89,1000000,,noise,,,b'FFF2F88EEF8891AC',5.0db_10.0sigma_haystacks/2018-03-29_181802__26.txt,10.0,b'0000000000000000',0.9998011921848352,10,5000
90,1000000,,noise,,,b'FFF295F6E163E3B0',5.0db_10.0sigma_haystacks/2018-03-29_181802__27.txt,10.0,b'0000000000000000',0.9997953155265258,10,5000
91,1000000,,noise,,,b'FFF42E28245D8DC4',5.0db_10.0sigma_haystacks/2018-03-29_181802__28.txt,10.0,b'000000000002820C',0.9998196456912096,10,5000
92,1000000,,noise,,,b'FFF2FE43CCA263BA',5.0db_10.0sigma_haystacks/2018-03-29_181802__29.txt,10.0,b'0000000000000000',0.9998015323186648,10,5000
93,1000000,,noise,,,b'FFF3248B27606ECB',5.0db_10.0sigma_haystacks/2018-03-29_181802__3.txt,10.0,b'0000000000000000',0.9998038139086718,10,5000
94,1000000,,noise,,,b'FFF2C7B48198C490',5.0db_10.0sigma_haystacks/2018-03-29_181802__30.txt,10.0,b'0000000000000000',0.9997982803048188,10,5000
95,1000000,,noise,,,b'FFF3F4A7841F2373',5.0db_10.0sigma_haystacks/2018-03-29_181802__31.txt,10.0,b'0000000000014DDA',0.9998162182783941,10,5000
96,1000000,,noise,,,b'FFF30033D6F2D518',5.0db_10.0sigma_haystacks/2018-03-29_181802__32.txt,10.0,b'0000000000000000',0.9998016478120452,10,5000
97,1000000,,noise,,,b'FFF3CB2441F18FA6',5.0db_10.0sigma_haystacks/2018-03-29_181802__33.txt,10.0,b'000000000006F3F5',0.9998137439269554,10,5000
98,1000000,,noise,,,b'FFF3B8F643F407BA',5.0db_10.0sigma_haystacks/2018-03-29_181802__34.txt,10.0,b'0000000000000000',0.9998126603349676,10,5000
99,1000000,,noise,,,b'FFF3A5C13EC4429E',5.0db_10.0sigma_haystacks/2018-03-29_181802__35.txt,10.0,b'0000000000081715',0.9998115155019756,10,5000
100,1000000,,noise,,,b'FFF1C51ADC6BF37A',5.0db_10.0sigma_haystacks/2018-03-29_181802__36.txt,10.0,b'0000000000000000',0.9997828665331524,10,5000
101,1000000,,noise,,,b'FFF280FDEDF4A6B2',5.0db_10.0sigma_haystacks/2018-03-29_181802__37.txt,10.0,b'00000000000E33A7',0.9997940654702284,10,5000
102,1000000,,noise,,,b'FFF2F0761F15B139',5.0db_10.0sigma_haystacks/2018-03-29_181802__38.txt,10.0,b'000000000007BD56',0.9998007095701584,10,5000
103,1000000,,noise,,,b'FFF31FB17DD843FE',5.0db_10.0sigma_haystacks/2018-03-29_181802__39.txt,10.0,b'000000000001002F',0.9998035248116546,10,5000
104,1000000,,noise,,,b'FFF36C9E22E3D9A3',5.0db_10.0sigma_haystacks/2018-03-29_181802__4.txt,10.0,b'00000000000BE8F6',0.9998081098627972,10,5000
105,1000000,,noise,,,b'FFF39540E972EFB4',5.0db_10.0sigma_haystacks/2018-03-29_181802__40.txt,10.0,b'00000000000A7C4F',0.9998105319477408,10,5000
106,1000000,,noise,,,b'FFF3CCBFEA9773A7',5.0db_10.0sigma_haystacks/2018-03-29_181802__41.txt,10.0,b'000000000006A465',0.9998138397737344,10,5000
107,1000000,,noise,,,b'FFF388F690CCBFBF',5.0db_10.0sigma_haystacks/2018-03-29_181802__42.txt,10.0,b'0000000000000000',0.99980979938191,10,5000
108,1000000,,noise,,,b'FFF3D57672005264',5.0db_10.0sigma_haystacks/2018-03-29_181802__43.txt,10.0,b'0000000000031835',0.9998143591092241,10,5000
109,1000000,,noise,,,b'FFF2DDF66C1EF238',5.0db_10.0sigma_haystacks/2018-03-29_181802__44.txt,10.0,b'0000000000000000',0.999799606954294,10,5000
110,1000000,,noise,,,b'FFF2BE3C80E80122',5.0db_10.0sigma_haystacks/2018-03-29_181802__45.txt,10.0,b'0000000000000000',0.9997977159227104,10,5000
111,1000000,,noise,,,b'FFF3A59D513E1099',5.0db_10.0sigma_haystacks/2018-03-29_181802__46.txt,10.0,b'0000000000000000',0.999811507136876,10,5000
112,1000000,,noise,,,b'FFF3108116175B7D',5.0db_10.0sigma_haystacks/2018-03-29_181802__47.txt,10.0,b'00000000000D2690',0.9998026194717488,10,5000
113,1000000,,noise,,,b'FFF2546EA75F44A3',5.0db_10.0sigma_haystacks/2018-03-29_181802__48.txt,10.0,b'0000000000000000',0.9997914095068812,10,5000
114,1000000,,noise,,,b'FFF33CC80058DA06',5.0db_10.0sigma_haystacks/2018-03-29_181802__49.txt,10.0,b'00000000000E51B7',0.9998052585873184,10,5000
115,1000000,,noise,,,b'FFF238CFF7E15E58',5.0db_10.0sigma_haystacks/2018-03-29_181802__5.txt,10.0,b'0000000000000000',0.9997897632346217,10,5000
116,1000000,,noise,,,b'FFF35B597D81DE59',5.0db_10.0sigma_haystacks/2018-03-29_181802__6.txt,10.0,b'0000000000087492',0.9998070806009376,10,5000
117,1000000,,noise,,,b'FFF3E4418E9F5D8C',5.0db_10.0sigma_haystacks/2018-03-29_181802__7.txt,10.0,b'00000000000D5BFA',0.9998152408649026,10,5000
118,1000000,,noise,,,b'FFF3A19FB0A7EA65',5.0db_10.0sigma_haystacks/2018-03-29_181802__8.txt,10.0,b'00000000000B3367',0.9998112692707364,10,5000
119,1000000,,noise,,,b'FFF3BA8465779300',5.0db_10.0sigma_haystacks/2018-03-29_181802__9.txt,10.0,b'0000000000053D41',0.9998127530320444,10,5000
120,1000000,250000.0,sine,386340.0,5.0,b'FFDE8F83DFAD5650',5.0db_10.0sigma_haystacks/2018-03-29_173412__0.txt,10.0,b'0000000000064DAC',0.9994897553403254,10,1024
121,1000000,250000.0,sine,316428.0,5.0,b'FFF26E9866455D6E',5.0db_10.0sigma_haystacks/2018-03-29_173412__1.txt,10.0,b'0000000000000000',0.9997929689473232,10,1024
122,1000000,250000.0,sine,389798.0,5.0,b'FFCB78D1F77BD457',5.0db_10.0sigma_haystacks/2018-03-29_173412__2.txt,10.0,b'000000000008FE2C',0.9991984856237502,10,1024
123,1000000,250000.0,sine,55465.0,5.0,b'FFF18B85D7268D04',5.0db_10.0sigma_haystacks/2018-03-29_173412__3.txt,10.0,b'0000000000000000',0.9997794343718402,10,1024
124,1000000,250000.0,sine,337603.0,5.0,b'FFCF22C9C787D8D1',5.0db_10.0sigma_haystacks/2018-03-29_173412__4.txt,10.0,b'000000000007C1FF',0.9992543928742912,10,1024
125,1000000,250000.0,sine,420494.0,5.0,b'FFC8B63EE728B87D',5.0db_10.0sigma_haystacks/2018-03-29_173412__5.txt,10.0,b'0000000000098D9A',0.999156370503587,10,1024
126,1000000,250000.0,sine,287837.0,5.0,b'FFF18829FC5B4F80',5.0db_10.0sigma_haystacks/2018-03-29_173412__6.txt,10.0,b'0000000000000000',0.9997792341713254,10,1024
127,1000000,250000.0,sine,75992.0,5.0,b'FFEF044FFB664A95',5.0db_10.0sigma_haystacks/2018-03-29_173412__7.txt,10.0,b'00000000000417B5',0.999740857626784,10,1024
128,1000000,250000.0,sine,647017.0,5.0,b'FFF0CCE833D8FB85',5.0db_10.0sigma_haystacks/2018-03-29_173412__8.txt,10.0,b'00000000000C8929',0.9997680727863986,10,1024
129,1000000,250000.0,sine,374980.0,5.0,b'FFCE07AE607228CB',5.0db_10.0sigma_haystacks/2018-03-29_173412__9.txt,10.0,b'000000000007ED47',0.9992375183796376,10,1024
130,1000000,,noise,,,b'FFF171C8D1603E8E',5.0db_10.0sigma_haystacks/2018-03-29_175746__0.txt,10.0,b'0000000000000000',0.9997779002454772,10,1024
131,1000000,,noise,,,b'FFF2CE60555C4512',5.0db_10.0sigma_haystacks/2018-03-29_175746__1.txt,10.0,b'0000000000000000',0.9997986779393254,10,1024
132,1000000,,noise,,,b'FFF1977C8865E61C',5.0db_10.0sigma_haystacks/2018-03-29_175746__2.txt,10.0,b'0000000000000000',0.9997801474604768,10,1024
133,1000000,,noise,,,b'FFF29DBA5E3975C3',5.0db_10.0sigma_haystacks/2018-03-29_175746__3.txt,10.0,b'0000000000000000',0.9997957782745512,10,1024
134,1000000,,noise,,,b'FFF25C13D408E74E',5.0db_10.0sigma_haystacks/2018-03-29_175746__4.txt,10.0,b'0000000000000000',0.9997918651970712,10,1024
135,1000000,,noise,,,b'FFF060CA98B1C09E',5.0db_10.0sigma_haystacks/2018-03-29_175746__5.txt,10.0,b'0000000000000000',0.9997616285915631,10,1024
136,1000000,,noise,,,b'FFF2CC8F579A833C',5.0db_10.0sigma_haystacks/2018-03-29_175746__6.txt,10.0,b'0000000000000000',0.9997985696751162,10,1024
137,1000000,,noise,,,b'FFF1D5BCE4E77CE5',5.0db_10.0sigma_haystacks/2018-03-29_175746__7.txt,10.0,b'0000000000000000',0.999783857933748,10,1024
138,1000000,,noise,,,b'FFF350DBE6EE4B45',5.0db_10.0sigma_haystacks/2018-03-29_175746__8.txt,10.0,b'0000000000000000',0.9998064553137108,10,1024
139,1000000,,noise,,,b'FFF13B4AE4286BA1',5.0db_10.0sigma_haystacks/2018-03-29_175746__9.txt,10.0,b'0000000000000000',0.9997746522750802,10,1024
140,1000000,250000.0,sine,225715.0,5.0,b'FFF224676CA3F8F6',5.0db_10.0sigma_haystacks/2018-03-29_181746__0.txt,10.0,b'0000000000000000',0.9997885468007012,10,1024
141,1000000,250000.0,sine,255550.0,5.0,b'FFEFFE66B55FD8A9',5.0db_10.0sigma_haystacks/2018-03-29_181746__1.txt,10.0,b'000000000004AE51',0.9997557640793951,10,1024
142,1000000,250000.0,sine,448477.0,5.0,b'FFF06B19516642BA',5.0db_10.0sigma_haystacks/2018-03-29_181746__10.txt,10.0,b'0000000000000000',0.9997622429667894,10,1024
143,1000000,250000.0,sine,231027.0,5.0,b'FFF37B37C59FFBC7',5.0db_10.0sigma_haystacks/2018-03-29_181746__11.txt,10.0,b'0000000000000000',0.9998089800989192,10,1024
144,1000000,250000.0,sine,652772.0,5.0,b'FFC2AED7DC3CC300',5.0db_10.0sigma_haystacks/2018-03-29_181746__12.txt,10.0,b'00000000000CD3F1',0.9990643765452092,10,1024
145,1000000,250000.0,sine,656523.0,5.0,b'FFF2E53F62039259',5.0db_10.0sigma_haystacks/2018-03-29_181746__13.txt,10.0,b'0000000000000000',0.9998000411742524,10,1024
146,1000000,250000.0,sine,505097.0,5.0,b'FFC4A21FF7820B8E',5.0db_10.0sigma_haystacks/2018-03-29_181746__14.txt,10.0,b'00000000000B2505',0.9990941360515608,10,1024
147,1000000,250000.0,sine,406329.0,5.0,b'FFF3237D1487C437',5.0db_10.0sigma_haystacks/2018-03-29_181746__15.txt,10.0,b'0000000000000000',0.9998037510272574,10,1024
148,1000000,250000.0,sine,609158.0,5.0,b'FFF2D022DE472B6B',5.0db_10.0sigma_haystacks/2018-03-29_181746__16.txt,10.0,b'0000000000000000',0.9997987828376408,10,1024
149,1000000,250000.0,sine,479617.0,5.0,b'FFF2AB1EB7B3AF29',5.0db_10.0sigma_haystacks/2018-03-29_181746__17.txt,10.0,b'0000000000000000',0.9997965764993768,10,1024
150,1000000,250000.0,sine,590279.0,5.0,b'FFF1DD321E58710C',5.0db_10.0sigma_haystacks/2018-03-29_181746__18.txt,10.0,b'0000000000000000',0.9997843024596892,10,1024
151,1000000,250000.0,sine,172295.0,5.0,b'FFE23C1F491BCA1A',5.0db_10.0sigma_haystacks/2018-03-29_181746__19.txt,10.0,b'0000000000056F30',0.9995458198910532,10,1024
152,1000000,250000.0,sine,677151.0,5.0,b'FFF023D7B7ECA57D',5.0db_10.0sigma_haystacks/2018-03-29_181746__2.txt,10.0,b'0000000000000000',0.9997579957634338,10,1024
153,1000000,250000.0,sine,76961.0,5.0,b'FFCDB1BD22EEE1E1',5.0db_10.0sigma_haystacks/2018-03-29_181746__20.txt,10.0,b'000000000001628D',0.9992323958167008,10,1024
154,1000000,250000.0,sine,697663.0,5.0,b'FFF0BC253568CCE2',5.0db_10.0sigma_haystacks/2018-03-29_181746__21.txt,10.0,b'0000000000000000',0.9997670737115272,10,1024
155,1000000,250000.0,sine,721189.0,5.0,b'FFD67A17DF1F893E',5.0db_10.0sigma_haystacks/2018-03-29_181746__22.txt,10.0,b'00000000000C9172',0.9993664081840716,10,1024
156,1000000,250000.0,sine,95058.0,5.0,b'FFF12959CAAAAD6B',5.0db_10.0sigma_haystacks/2018-03-29_181746__23.txt,10.0,b'0000000000000000',0.99977358286075,10,1024
157,1000000,250000.0,sine,24912.0,5.0,b'FFF1F936D872CFD1',5.0db_10.0sigma_haystacks/2018-03-29_181746__24.txt,10.0,b'0000000000000000',0.9997859724903252,10,1024
158,1000000,250000.0,sine,287869.0,5.0,b'FFF1DCB9298F3E94',5.0db_10.0sigma_haystacks/2018-03-29_181746__25.txt,10.0,b'0000000000000000',0.9997842742973804,10,1024
159,1000000,250000.0,sine,43112.0,5.0,b'FFE6D8D27CE8916E',5.0db_10.0sigma_haystacks/2018-03-29_181746__26.txt,10.0,b'000000000000F98B',0.9996161950956852,10,1024
160,1000000,250000.0,sine,727773.0,5.0,b'FFE2B256EE683DE6',5.0db_10.0sigma_haystacks/2018-03-29_181746__27.txt,10.0,b'00000000000D27D2',0.9995528661951604,10,1024
161,1000000,250000.0,sine,51678.0,5.0,b'FFF0906B43BDD6AF',5.0db_10.0sigma_haystacks/2018-03-29_181746__28.txt,10.0,b'0000000000015AEB',0.9997644674183372,10,1024
162,1000000,250000.0,sine,494059.0,5.0,b'FFCF0309D43D4EC5',5.0db_10.0sigma_haystacks/2018-03-29_181746__29.txt,10.0,b'000000000009A94D',0.9992525004383784,10,1024
163,1000000,250000.0,sine,445840.0,5.0,b'FFD0093CB3CF0EE5',5.0db_10.0sigma_haystacks/2018-03-29_181746__3.txt,10.0,b'00000000000A673E',0.9992681287001768,10,1024
164,1000000,250000.0,sine,352259.0,5.0,b'FFF1A5A98499BF20',5.0db_10.0sigma_haystacks/2018-03-29_181746__30.txt,10.0,b'0000000000000000',0.9997809923994287,10,1024
165,1000000,250000.0,sine,707403.0,5.0,b'FFF2C5925D42E7A5',5.0db_10.0sigma_haystacks/2018-03-29_181746__31.txt,10.0,b'0000000000000000',0.9997981531462404,10,1024
166,1000000,250000.0,sine,562373.0,5.0,b'FFF35C2ECB716381',5.0db_10.0sigma_haystacks/2018-03-29_181746__32.txt,10.0,b'0000000000000000',0.9998071302647468,10,1024
167,1000000,250000.0,sine,232894.0,5.0,b'FFD3DA5F7174DD98',5.0db_10.0sigma_haystacks/2018-03-29_181746__33.txt,10.0,b'000000000005E5C6',0.9993263705268478,10,1024
168,1000000,250000.0,sine,177796.0,5.0,b'FFF2BBC60F6FA519',5.0db_10.0sigma_haystacks/2018-03-29_181746__34.txt,10.0,b'0000000000000000',0.9997975691362044,10,1024
169,1000000,250000.0,sine,713291.0,5.0,b'FFF0239AEE05B527',5.0db_10.0sigma_haystacks/2018-03-29_181746__35.txt,10.0,b'0000000000000000',0.9997579816099664,10,1024
170,1000000,250000.0,sine,446953.0,5.0,b'FFC5CB4A831289D4',5.0db_10.0sigma_haystacks/2018-03-29_181746__36.txt,10.0,b'0000000000077067',0.9991118485368792,10,1024
171,1000000,250000.0,sine,288605.0,5.0,b'FFF1DE2780BFD731',5.0db_10.0sigma_haystacks/2018-03-29_181746__37.txt,10.0,b'0000000000000000',0.9997843595926946,10,1024
172,1000000,250000.0,sine,244592.0,5.0,b'FFCA66C918981337',5.0db_10.0sigma_haystacks/2018-03-29_181746__38.txt,10.0,b'0000000000050350',0.9991821518857196,10,1024
173,1000000,250000.0,sine,578697.0,5.0,b'FFC52F33E4F81315',5.0db_10.0sigma_haystacks/2018-03-29_181746__39.txt,10.0,b'00000000000997C0',0.999102544946226,10,1024
174,1000000,250000.0,sine,509716.0,5.0,b'FFDEA1AB4407F0E8',5.0db_10.0sigma_haystacks/2018-03-29_181746__4.txt,10.0,b'00000000000A566D',0.9994908373955976,10,1024
175,1000000,250000.0,sine,646530.0,5.0,b'FFF0A10B5D04E844',5.0db_10.0sigma_haystacks/2018-03-29_181746__40.txt,10.0,b'00000000000B7CDA',0.9997654583685464,10,1024
176,1000000,250000.0,sine,357883.0,5.0,b'FFECC4310AABCCE8',5.0db_10.0sigma_haystacks/2018-03-29_181746__41.txt,10.0,b'0000000000085F5D',0.9997065181475328,10,1024
177,1000000,250000.0,sine,609781.0,5.0,b'FFF157D6AAB48DAE',5.0db_10.0sigma_haystacks/2018-03-29_181746__42.txt,10.0,b'000000000009CC4A',0.9997763537491712,10,1024
178,1000000,250000.0,sine,687334.0,5.0,b'FFEA8ED068C928BE',5.0db_10.0sigma_haystacks/2018-03-29_181746__43.txt,10.0,b'00000000000C0BFB',0.9996728190242592,10,1024
179,1000000,250000.0,sine,604384.0,5.0,b'FFF3575B3C09B334',5.0db_10.0sigma_haystacks/2018-03-29_181746__44.txt,10.0,b'0000000000000000',0.9998068425884756,10,1024
180,1000000,250000.0,sine,394644.0,5.0,b'FFEFA246A664740D',5.0db_10.0sigma_haystacks/2018-03-29_181746__45.txt,10.0,b'000000000006BD79',0.9997502729878692,10,1024
181,1000000,250000.0,sine,628460.0,5.0,b'FFC4A512F0659CE3',5.0db_10.0sigma_haystacks/2018-03-29_181746__46.txt,10.0,b'00000000000A3F3F',0.9990943118322292,10,1024
182,1000000,250000.0,sine,285791.0,5.0,b'FFEB9245467AFAFE',5.0db_10.0sigma_haystacks/2018-03-29_181746__47.txt,10.0,b'000000000004DA01',0.9996882838372406,10,1024
183,1000000,250000.0,sine,446560.0,5.0,b'FFEE678E078B1B34',5.0db_10.0sigma_haystacks/2018-03-29_181746__48.txt,10.0,b'00000000000986AF',0.9997315141440988,10,1024
184,1000000,250000.0,sine,506495.0,5.0,b'FFDDEAD03352EFE0',5.0db_10.0sigma_haystacks/2018-03-29_181746__49.txt,10.0,b'000000000008528C',0.9994799383451428,10,1024
185,1000000,250000.0,sine,74100.0,5.0,b'FFD07E3FB25895B8',5.0db_10.0sigma_haystacks/2018-03-29_181746__5.txt,10.0,b'000000000001AFC0',0.999275103140777,10,1024
186,1000000,250000.0,sine,62597.0,5.0,b'FFF173D21118E028',5.0db_10.0sigma_haystacks/2018-03-29_181746__6.txt,10.0,b'0000000000000000',0.9997780216081966,10,1024
187,1000000,250000.0,sine,663783.0,5.0,b'FFF1D82AF9FA1B5E',5.0db_10.0sigma_haystacks/2018-03-29_181746__7.txt,10.0,b'0000000000000000',0.9997840027735736,10,1024
188,1000000,250000.0,sine,168530.0,5.0,b'FFCC34742D10FE1A',5.0db_10.0sigma_haystacks/2018-03-29_181746__8.txt,10.0,b'000000000003024F',0.9992096694596206,10,1024
189,1000000,250000.0,sine,454929.0,5.0,b'FFF26D1BE5DE0DE6',5.0db_10.0sigma_haystacks/2018-03-29_181746__9.txt,10.0,b'0000000000000000',0.999792880354896,10,1024
190,1000000,,noise,,,b'FFF29E936CAC3CB3',5.0db_10.0sigma_haystacks/2018-03-29_181802__0.txt,10.0,b'0000000000000000',0.9997958288119416,10,1024
191,1000000,,noise,,,b'FFF1D36B061D6211',5.0db_10.0sigma_haystacks/2018-03-29_181802__1.txt,10.0,b'0000000000000000',0.9997837196625504,10,1024
192,1000000,,noise,,,b'FFF2B44A334E00B6',5.0db_10.0sigma_haystacks/2018-03-29_181802__10.txt,10.0,b'0000000000000000',0.9997971230653137,10,1024
193,1000000,,noise,,,b'FFF14681AC7E541E',5.0db_10.0sigma_haystacks/2018-03-29_181802__11.txt,10.0,b'0000000000000000',0.9997753206812318,10,1024
194,1000000,,noise,,,b'FFF18E8B1F25C98E',5.0db_10.0sigma_haystacks/2018-03-29_181802__12.txt,10.0,b'0000000000000000',0.9997796144154086,10,1024
195,1000000,,noise,,,b'FFF147D3B9AA0823',5.0db_10.0sigma_haystacks/2018-03-29_181802__13.txt,10.0,b'0000000000000000',0.9997753993899681,10,1024
196,1000000,,noise,,,b'FFF28EF53DA8F740',5.0db_10.0sigma_haystacks/2018-03-29_181802__14.txt,10.0,b'0000000000000000',0.9997948979122704,10,1024
197,1000000,,noise,,,b'FFF350E3D349A7E1',5.0db_10.0sigma_haystacks/2018-03-29_181802__15.txt,10.0,b'0000000000000000',0.9998064571584908,10,1024
198,1000000,,noise,,,b'FFF126F0026968B6',5.0db_10.0sigma_haystacks/2018-03-29_181802__16.txt,10.0,b'0000000000000000',0.999773439022112,10,1024
199,1000000,,noise,,,b'FFEF178E42248409',5.0db_10.0sigma_haystacks/2018-03-29_181802__17.txt,10.0,b'0000000000000000',0.9997420046148752,10,1024
200,1000000,,noise,,,b'FFF249A8D8073881',5.0db_10.0sigma_haystacks/2018-03-29_181802__18.txt,10.0,b'0000000000000000',0.9997907674042182,10,1024
201,1000000,,noise,,,b'FFF157229504EBDD',5.0db_10.0sigma_haystacks/2018-03-29_181802__19.txt,10.0,b'0000000000000000',0.999776311819932,10,1024
202,1000000,,noise,,,b'FFF2753BCAC480B7',5.0db_10.0sigma_haystacks/2018-03-29_181802__2.txt,10.0,b'0000000000000000',0.9997933646179876,10,1024
203,1000000,,noise,,,b'FFF2C6473983115B',5.0db_10.0sigma_haystacks/2018-03-29_181802__20.txt,10.0,b'0000000000000000',0.999798195256073,10,1024
204,1000000,,noise,,,b'FFF2BDFE1D26122D',5.0db_10.0sigma_haystacks/2018-03-29_181802__21.txt,10.0,b'0000000000000000',0.9997977013964816,10,1024
205,1000000,,noise,,,b'FFF0FDA193823AD6',5.0db_10.0sigma_haystacks/2018-03-29_181802__22.txt,10.0,b'0000000000000000',0.9997709769700202,10,1024
206,1000000,,noise,,,b'FFF2FA215CBE294A',5.0db_10.0sigma_haystacks/2018-03-29_181802__23.txt,10.0,b'0000000000000000',0.9998012858820792,10,1024
207,1000000,,noise,,,b'FFF2D8C6946C8E52',5.0db_10.0sigma_haystacks/2018-03-29_181802__24.txt,10.0,b'0000000000000000',0.9997992977918548,10,1024
208,1000000,,noise,,,b'FFF09A8EF6AB5117',5.0db_10.0sigma_haystacks/2018-03-29_181802__25.txt,10.0,b'0000000000000000',0.9997650717765912,10,1024
209,1000000,,noise,,,b'FFF18C8812B598F8',5.0db_10.0sigma_haystacks/2018-03-29_181802__26.txt,10.0,b'0000000000000000',0.9997794944963146,10,1024
210,1000000,,noise,,,b'FFF22E73A6BED1AE',5.0db_10.0sigma_haystacks/2018-03-29_181802__27.txt,10.0,b'0000000000000000',0.9997891456939628,10,1024
211,1000000,,noise,,,b'FFF385D2E68E0449',5.0db_10.0sigma_haystacks/2018-03-29_181802__28.txt,10.0,b'0000000000000000',0.9998096122640662,10,1024
212,1000000,,noise,,,b'FFF2CD4F442F9A51',5.0db_10.0sigma_haystacks/2018-03-29_181802__29.txt,10.0,b'0000000000000000',0.9997986143609396,10,1024
213,1000000,,noise,,,b'FFF234D8343506F7',5.0db_10.0sigma_haystacks/2018-03-29_181802__3.txt,10.0,b'0000000000000000',0.9997895267335544,10,1024
214,1000000,,noise,,,b'FFF157CA4739B0C9',5.0db_10.0sigma_haystacks/2018-03-29_181802__30.txt,10.0,b'0000000000000000',0.999776350864727,10,1024
215,1000000,,noise,,,b'FFF44577216D4FD1',5.0db_10.0sigma_haystacks/2018-03-29_181802__31.txt,10.0,b'000000000009C358',0.9998210349889878,10,1024
216,1000000,,noise,,,b'FFF0B84E2384D02B',5.0db_10.0sigma_haystacks/2018-03-29_181802__32.txt,10.0,b'0000000000000000',0.9997668448227329,10,1024
217,1000000,,noise,,,b'FFF0F959346CF687',5.0db_10.0sigma_haystacks/2018-03-29_181802__33.txt,10.0,b'0000000000000000',0.9997707217011572,10,1024
218,1000000,,noise,,,b'FFF1370AAEDB0483',5.0db_10.0sigma_haystacks/2018-03-29_181802__34.txt,10.0,b'0000000000000000',0.9997743989068618,10,1024
219,1000000,,noise,,,b'FFF1803E5B9429E8',5.0db_10.0sigma_haystacks/2018-03-29_181802__35.txt,10.0,b'0000000000000000',0.999778762077384,10,1024
220,1000000,,noise,,,b'FFEFF01B04447604',5.0db_10.0sigma_haystacks/2018-03-29_181802__36.txt,10.0,b'0000000000000000',0.9997549119909922,10,1024
221,1000000,,noise,,,b'FFF03CF8698486AB',5.0db_10.0sigma_haystacks/2018-03-29_181802__37.txt,10.0,b'0000000000000000',0.999759493491654,10,1024
222,1000000,,noise,,,b'FFF193E0078F78ED',5.0db_10.0sigma_haystacks/2018-03-29_181802__38.txt,10.0,b'0000000000000000',0.9997799322077848,10,1024
223,1000000,,noise,,,b'FFF227EA6C4CD2DF',5.0db_10.0sigma_haystacks/2018-03-29_181802__39.txt,10.0,b'0000000000000000',0.9997887561151402,10,1024
224,1000000,,noise,,,b'FFF122ACAD51F01D',5.0db_10.0sigma_haystacks/2018-03-29_181802__4.txt,10.0,b'0000000000000000',0.9997731849264891,10,1024
225,1000000,,noise,,,b'FFF1D1BA6EADE5D2',5.0db_10.0sigma_haystacks/2018-03-29_181802__40.txt,10.0,b'0000000000000000',0.9997836189419824,10,1024
226,1000000,,noise,,,b'FFF1DA05316848E5',5.0db_10.0sigma_haystacks/2018-03-29_181802__41.txt,10.0,b'0000000000000000',0.9997841131857124,10,1024
227,1000000,,noise,,,b'FFF0F7903F985BAA',5.0db_10.0sigma_haystacks/2018-03-29_181802__42.txt,10.0,b'0000000000000000',0.9997706153077116,10,1024
228,1000000,,noise,,,b'FFF2AB9934EC2089',5.0db_10.0sigma_haystacks/2018-03-29_181802__43.txt,10.0,b'0000000000000000',0.9997966050186028,10,1024
229,1000000,,noise,,,b'FFF1E09D2E6DFE59',5.0db_10.0sigma_haystacks/2018-03-29_181802__44.txt,10.0,b'0000000000000000',0.9997845062011308,10,1024
230,1000000,,noise,,,b'FFF1B23E4B00D2F2',5.0db_10.0sigma_haystacks/2018-03-29_181802__45.txt,10.0,b'0000000000000000',0.9997817422945474,10,1024
231,1000000,,noise,,,b'FFF1DF34AF0C9249',5.0db_10.0sigma_haystacks/2018-03-29_181802__46.txt,10.0,b'0000000000000000',0.9997844222662472,10,1024
232,1000000,,noise,,,b'FFF221FD9CEC9201',5.0db_10.0sigma_haystacks/2018-03-29_181802__47.txt,10.0,b'0000000000000000',0.9997884029552769,10,1024
233,1000000,,noise,,,b'FFF261D3330F8338',5.0db_10.0sigma_haystacks/2018-03-29_181802__48.txt,10.0,b'0000000000000000',0.9997922077773732,10,1024
234,1000000,,noise,,,b'FFF1A4857AA14EA8',5.0db_10.0sigma_haystacks/2018-03-29_181802__49.txt,10.0,b'0000000000000000',0.9997809244038128,10,1024
235,1000000,,noise,,,b'FFF141C0DD3D52A7',5.0db_10.0sigma_haystacks/2018-03-29_181802__5.txt,10.0,b'0000000000000000',0.9997750373706726,10,1024
236,1000000,,noise,,,b'FFF1D0047038809D',5.0db_10.0sigma_haystacks/2018-03-29_181802__6.txt,10.0,b'0000000000000000',0.9997835169635624,10,1024
237,1000000,,noise,,,b'FFF1D65D0E5022E1',5.0db_10.0sigma_haystacks/2018-03-29_181802__7.txt,10.0,b'0000000000000000',0.999783895224312,10,1024
238,1000000,,noise,,,b'FFF31236D43A9003',5.0db_10.0sigma_haystacks/2018-03-29_181802__8.txt,10.0,b'0000000000000000',0.9998027213916691,10,1024
239,1000000,,noise,,,b'FFF32B887B280401',5.0db_10.0sigma_haystacks/2018-03-29_181802__9.txt,10.0,b'0000000000000000',0.9998042305188904,10,1024
240,1000000,250000,sine,386340,5.0,b'FFBBC7B74E222497',5.0db_10.0sigma_haystacks/2018-03-29_173412__0.txt,10.0,b'000000000008EDDC',0.9989590475580675,10,3024
241,1000000,250000,sine,316428,5.0,b'FFF31D996C71BFCF',5.0db_10.0sigma_haystacks/2018-03-29_173412__1.txt,10.0,b'0000000000000000',0.999803399998604,10,3024
242,1000000,250000,sine,389798,5.0,b'FF8CA3340F015ABC',5.0db_10.0sigma_haystacks/2018-03-29_173412__2.txt,10.0,b'00000000000624CB',0.998239708146689,10,3024
243,1000000,250000,sine,55465,5.0,b'FFF32A163CBDF23A',5.0db_10.0sigma_haystacks/2018-03-29_173412__3.txt,10.0,b'0000000000000000',0.9998041443147867,10,3024
244,1000000,250000,sine,337603,5.0,b'FF93D88BC58D0C19',5.0db_10.0sigma_haystacks/2018-03-29_173412__4.txt,10.0,b'000000000007BDEB',0.9983496991385901,10,3024
245,1000000,250000,sine,420494,5.0,b'FF831F8F93433930',5.0db_10.0sigma_haystacks/2018-03-29_173412__5.txt,10.0,b'000000000009AB66',0.9980945325398921,10,3024
246,1000000,250000,sine,287837,5.0,b'FFF0F0EAFB808342',5.0db_10.0sigma_haystacks/2018-03-29_173412__6.txt,10.0,b'0000000000053EBF',0.9997702192008564,10,3024
247,1000000,250000,sine,75992,5.0,b'FFEA26805A630677',5.0db_10.0sigma_haystacks/2018-03-29_173412__7.txt,10.0,b'0000000000041120',0.9996666015016552,10,3024
248,1000000,250000,sine,647017,5.0,b'FFECBF77AC8A4469',5.0db_10.0sigma_haystacks/2018-03-29_173412__8.txt,10.0,b'00000000000D3097',0.9997062365696731,10,3024
249,1000000,250000,sine,374980,5.0,b'FF91D3254F8F40C5',5.0db_10.0sigma_haystacks/2018-03-29_173412__9.txt,10.0,b'0000000000076F24',0.9983188596812029,10,3024
250,1000000,,noise,,,b'FFF29BC700A2ECF0',5.0db_10.0sigma_haystacks/2018-03-29_175746__0.txt,10.0,b'0000000000000000',0.9997956620069421,10,3024
251,1000000,,noise,,,b'FFF34F134BFB9745',5.0db_10.0sigma_haystacks/2018-03-29_175746__1.txt,10.0,b'0000000000028C8B',0.9998063490020129,10,3024
252,1000000,,noise,,,b'FFF3F0B8DEDCBB9F',5.0db_10.0sigma_haystacks/2018-03-29_175746__2.txt,10.0,b'0000000000000000',0.999815983900464,10,3024
253,1000000,,noise,,,b'FFF357C7B4F5FAE3',5.0db_10.0sigma_haystacks/2018-03-29_175746__3.txt,10.0,b'0000000000000000',0.999806867844164,10,3024
254,1000000,,noise,,,b'FFF3AB652E6A226C',5.0db_10.0sigma_haystacks/2018-03-29_175746__4.txt,10.0,b'0000000000050C9E',0.9998118516945529,10,3024
255,1000000,,noise,,,b'FFF217E73F03C0D5',5.0db_10.0sigma_haystacks/2018-03-29_175746__5.txt,10.0,b'0000000000000000',0.999787801701145,10,3024
256,1000000,,noise,,,b'FFF2C561F845E40A',5.0db_10.0sigma_haystacks/2018-03-29_175746__6.txt,10.0,b'0000000000000000',0.9997981418785212,10,3024
257,1000000,,noise,,,b'FFF25150EAD5F290',5.0db_10.0sigma_haystacks/2018-03-29_175746__7.txt,10.0,b'0000000000000000',0.9997912237693851,10,3024
258,1000000,,noise,,,b'FFF3102B8D565204',5.0db_10.0sigma_haystacks/2018-03-29_175746__8.txt,10.0,b'0000000000000000',0.999802599556767,10,3024
259,1000000,,noise,,,b'FFF1A260286B1E4F',5.0db_10.0sigma_haystacks/2018-03-29_175746__9.txt,10.0,b'0000000000000000',0.9997807965050183,10,3024
260,1000000,250000,sine,225715,5.0,b'FFF3C60A3089B812',5.0db_10.0sigma_haystacks/2018-03-29_181746__0.txt,10.0,b'000000000009C62E',0.9998134398343045,10,3024
261,1000000,250000,sine,255550,5.0,b'FFE9F2C70D244A90',5.0db_10.0sigma_haystacks/2018-03-29_181746__1.txt,10.0,b'0000000000079CC6',0.9996635185208486,10,3024
262,1000000,250000,sine,448477,5.0,b'FFF2C98B4239F0FC',5.0db_10.0sigma_haystacks/2018-03-29_181746__10.txt,10.0,b'0000000000000000',0.9997983899104168,10,3024
263,1000000,250000,sine,231027,5.0,b'FFF3694B883E989C',5.0db_10.0sigma_haystacks/2018-03-29_181746__11.txt,10.0,b'0000000000056703',0.9998079118161008,10,3024
264,1000000,250000,sine,652772,5.0,b'FF78559D711FF1BD',5.0db_10.0sigma_haystacks/2018-03-29_181746__12.txt,10.0,b'00000000000B7EAF',0.9979299077396033,10,3024
265,1000000,250000,sine,656523,5.0,b'FFF15261F4FB29AA',5.0db_10.0sigma_haystacks/2018-03-29_181746__13.txt,10.0,b'0000000000000000',0.9997760285523155,10,3024
266,1000000,250000,sine,505097,5.0,b'FF7929C7069FFCA4',5.0db_10.0sigma_haystacks/2018-03-29_181746__14.txt,10.0,b'00000000000B2006',0.9979425536063218,10,3024
267,1000000,250000,sine,406329,5.0,b'FFF2CC768F961A04',5.0db_10.0sigma_haystacks/2018-03-29_181746__15.txt,10.0,b'000000000007FD6F',0.9997985639052661,10,3024
268,1000000,250000,sine,609158,5.0,b'FFF3877B3D1301B4',5.0db_10.0sigma_haystacks/2018-03-29_181746__16.txt,10.0,b'00000000000A2C8C',0.999809711062948,10,3024
269,1000000,250000,sine,479617,5.0,b'FFF370D71AF1BBB8',5.0db_10.0sigma_haystacks/2018-03-29_181746__17.txt,10.0,b'0000000000035A57',0.9998083615454963,10,3024
270,1000000,250000,sine,590279,5.0,b'FFF3842AD6B2DB22',5.0db_10.0sigma_haystacks/2018-03-29_181746__18.txt,10.0,b'00000000000438F5',0.9998095135294521,10,3024
271,1000000,250000,sine,172295,5.0,b'FFC83A92CB2C8065',5.0db_10.0sigma_haystacks/2018-03-29_181746__19.txt,10.0,b'000000000004FCB8',0.9991489990599565,10,3024
272,1000000,250000,sine,677151,5.0,b'FFF29F53E02F0194',5.0db_10.0sigma_haystacks/2018-03-29_181746__2.txt,10.0,b'0000000000000000',0.9997958736204815,10,3024
273,1000000,250000,sine,76961,5.0,b'FF90A148BF613890',5.0db_10.0sigma_haystacks/2018-03-29_181746__20.txt,10.0,b'0000000000020918',0.9983006289106741,10,3024
274,1000000,250000,sine,697663,5.0,b'FFF27DD0B9718C58',5.0db_10.0sigma_haystacks/2018-03-29_181746__21.txt,10.0,b'0000000000000000',0.9997938761311558,10,3024
275,1000000,250000,sine,721189,5.0,b'FFAAF84AFF35741F',5.0db_10.0sigma_haystacks/2018-03-29_181746__22.txt,10.0,b'00000000000E57A6',0.998702543554108,10,3024
276,1000000,250000,sine,95058,5.0,b'FFEF1990FFE1EE31',5.0db_10.0sigma_haystacks/2018-03-29_181746__23.txt,10.0,b'000000000004DDCD',0.9997421244623934,10,3024
277,1000000,250000,sine,24912,5.0,b'FFF17D6BDCB5574D',5.0db_10.0sigma_haystacks/2018-03-29_181746__24.txt,10.0,b'0000000000000000',0.9997785938582714,10,3024
278,1000000,250000,sine,287869,5.0,b'FFF2441D626CBD70',5.0db_10.0sigma_haystacks/2018-03-29_181746__25.txt,10.0,b'0000000000000000',0.9997904369105752,10,3024
279,1000000,250000,sine,43112,5.0,b'FFD5B0AFD5E0C3D1',5.0db_10.0sigma_haystacks/2018-03-29_181746__26.txt,10.0,b'000000000003C172',0.9993544034276765,10,3024
280,1000000,250000,sine,727773,5.0,b'FFCAD1CE652D837B',5.0db_10.0sigma_haystacks/2018-03-29_181746__27.txt,10.0,b'00000000000D22DD',0.9991885308165163,10,3024
281,1000000,250000,sine,51678,5.0,b'FFEDCBCAD42C6133',5.0db_10.0sigma_haystacks/2018-03-29_181746__28.txt,10.0,b'0000000000039D84',0.9997222299754625,10,3024
282,1000000,250000,sine,494059,5.0,b'FF96BEF23F9C701C',5.0db_10.0sigma_haystacks/2018-03-29_181746__29.txt,10.0,b'00000000000A0433',0.998393949644752,10,3024
283,1000000,250000,sine,445840,5.0,b'FF959237E49FC66E',5.0db_10.0sigma_haystacks/2018-03-29_181746__3.txt,10.0,b'000000000007178D',0.9983760248620676,10,3024
284,1000000,250000,sine,352259,5.0,b'FFF092EBAAEACEF1',5.0db_10.0sigma_haystacks/2018-03-29_181746__30.txt,10.0,b'0000000000000000',0.9997646165237868,10,3024
285,1000000,250000,sine,707403,5.0,b'FFF3A33570C53452',5.0db_10.0sigma_haystacks/2018-03-29_181746__31.txt,10.0,b'0000000000000000',0.9998113637418741,10,3024
286,1000000,250000,sine,562373,5.0,b'FFF3E74E39087DF3',5.0db_10.0sigma_haystacks/2018-03-29_181746__32.txt,10.0,b'00000000000E3C87',0.9998154226277922,10,3024
287,1000000,250000,sine,232894,5.0,b'FF9DFBE91D63F206',5.0db_10.0sigma_haystacks/2018-03-29_181746__33.txt,10.0,b'000000000004F992',0.9985043949249215,10,3024
288,1000000,250000,sine,177796,5.0,b'FFF2EDE5BD34CAA8',5.0db_10.0sigma_haystacks/2018-03-29_181746__34.txt,10.0,b'0000000000047BC0',0.9998005567442362,10,3024
289,1000000,250000,sine,713291,5.0,b'FFF2D2379120A5B6',5.0db_10.0sigma_haystacks/2018-03-29_181746__35.txt,10.0,b'00000000000E83C7',0.999798906866206,10,3024
290,1000000,250000,sine,446953,5.0,b'FF7C92B8051627D7',5.0db_10.0sigma_haystacks/2018-03-29_181746__36.txt,10.0,b'0000000000089C8F',0.9979945849673518,10,3024
291,1000000,250000,sine,288605,5.0,b'FFF2058435FBA285',5.0db_10.0sigma_haystacks/2018-03-29_181746__37.txt,10.0,b'0000000000000000',0.999786705759091,10,3024
292,1000000,250000,sine,244592,5.0,b'FF87E95BD0395CED',5.0db_10.0sigma_haystacks/2018-03-29_181746__38.txt,10.0,b'000000000005B13E',0.9981675957826375,10,3024
293,1000000,250000,sine,578697,5.0,b'FF7EC18F5180E62C',5.0db_10.0sigma_haystacks/2018-03-29_181746__39.txt,10.0,b'000000000009A85F',0.9980278944872257,10,3024
294,1000000,250000,sine,509716,5.0,b'FFBC7654670CE51F',5.0db_10.0sigma_haystacks/2018-03-29_181746__4.txt,10.0,b'00000000000AC054',0.9989694553433314,10,3024
295,1000000,250000,sine,646530,5.0,b'FFE883C06ED498D5',5.0db_10.0sigma_haystacks/2018-03-29_181746__40.txt,10.0,b'00000000000D0A0D',0.9996416420752489,10,3024
296,1000000,250000,sine,357883,5.0,b'FFE18249C343880B',5.0db_10.0sigma_haystacks/2018-03-29_181746__41.txt,10.0,b'000000000005F1E7',0.9995347433171117,10,3024
297,1000000,250000,sine,609781,5.0,b'FFECCC52B4199BC2',5.0db_10.0sigma_haystacks/2018-03-29_181746__42.txt,10.0,b'00000000000BE7F1',0.9997070028221969,10,3024
298,1000000,250000,sine,687334,5.0,b'FFDE0BF5EA0DED8C',5.0db_10.0sigma_haystacks/2018-03-29_181746__43.txt,10.0,b'00000000000E2C75',0.9994819140793465,10,3024
299,1000000,250000,sine,604384,5.0,b'FFF30947E82883AB',5.0db_10.0sigma_haystacks/2018-03-29_181746__44.txt,10.0,b'0000000000000000',0.9998021889261128,10,3024
300,1000000,250000,sine,394644,5.0,b'FFEA282F361B1A5A',5.0db_10.0sigma_haystacks/2018-03-29_181746__45.txt,10.0,b'00000000000895DD',0.9996667018186652,10,3024
301,1000000,250000,sine,628460,5.0,b'FF796A9BBFC71219',5.0db_10.0sigma_haystacks/2018-03-29_181746__46.txt,10.0,b'00000000000C3895',0.9979464178320792,10,3024
302,1000000,250000,sine,285791,5.0,b'FFE0C53D179586F6',5.0db_10.0sigma_haystacks/2018-03-29_181746__47.txt,10.0,b'00000000000608DB',0.9995234750891396,10,3024
303,1000000,250000,sine,446560,5.0,b'FFE5867C8AD931EF',5.0db_10.0sigma_haystacks/2018-03-29_181746__48.txt,10.0,b'0000000000074278',0.9995960287149941,10,3024
304,1000000,250000,sine,506495,5.0,b'FFBD391DB2A8DA12',5.0db_10.0sigma_haystacks/2018-03-29_181746__49.txt,10.0,b'0000000000081BF4',0.9989810655121433,10,3024
305,1000000,250000,sine,74100,5.0,b'FF95889823DC57AB',5.0db_10.0sigma_haystacks/2018-03-29_181746__5.txt,10.0,b'0000000000016947',0.9983754512248749,10,3024
306,1000000,250000,sine,62597,5.0,b'FFF28CF7FDDB1F7E',5.0db_10.0sigma_haystacks/2018-03-29_181746__6.txt,10.0,b'000000000001F59F',0.9997947793434432,10,3024
307,1000000,250000,sine,663783,5.0,b'FFF2BEE066727BE0',5.0db_10.0sigma_haystacks/2018-03-29_181746__7.txt,10.0,b'0000000000000000',0.9997977540828716,10,3024
308,1000000,250000,sine,168530,5.0,b'FF8A6958457E5657',5.0db_10.0sigma_haystacks/2018-03-29_181746__8.txt,10.0,b'0000000000038C2A',0.998205741930627,10,3024
309,1000000,250000,sine,454929,5.0,b'FFF2C14CFC878F92',5.0db_10.0sigma_haystacks/2018-03-29_181746__9.txt,10.0,b'000000000007D121',0.9997978985743698,10,3024
310,1000000,,noise,,,b'FFF2143881310B1A',5.0db_10.0sigma_haystacks/2018-03-29_181802__0.txt,10.0,b'0000000000000000',0.9997875822020356,10,3024
311,1000000,,noise,,,b'FFF3C69E94073A79',5.0db_10.0sigma_haystacks/2018-03-29_181802__1.txt,10.0,b'00000000000776E1',0.9998134743837256,10,3024
312,1000000,,noise,,,b'FFF25851EB54DA7E',5.0db_10.0sigma_haystacks/2018-03-29_181802__10.txt,10.0,b'0000000000000000',0.99979164123518,10,3024
313,1000000,,noise,,,b'FFF20F30D14F47D7',5.0db_10.0sigma_haystacks/2018-03-29_181802__11.txt,10.0,b'0000000000000000',0.9997872823890336,10,3024
314,1000000,,noise,,,b'FFF3E4CC20BDFD61',5.0db_10.0sigma_haystacks/2018-03-29_181802__12.txt,10.0,b'000000000008BA07',0.9998152731284264,10,3024
315,1000000,,noise,,,b'FFF15A0F90AC04FE',5.0db_10.0sigma_haystacks/2018-03-29_181802__13.txt,10.0,b'0000000000000000',0.9997764862061304,10,3024
316,1000000,,noise,,,b'FFF36A6B79E0B341',5.0db_10.0sigma_haystacks/2018-03-29_181802__14.txt,10.0,b'0000000000000000',0.9998079788582597,10,3024
317,1000000,,noise,,,b'FFF38474B2F17C98',5.0db_10.0sigma_haystacks/2018-03-29_181802__15.txt,10.0,b'000000000001AC45',0.9998095307264006,10,3024
318,1000000,,noise,,,b'FFF126A757F71489',5.0db_10.0sigma_haystacks/2018-03-29_181802__16.txt,10.0,b'0000000000000000',0.9997734221032853,10,3024
319,1000000,,noise,,,b'FFF2BE5159A15D92',5.0db_10.0sigma_haystacks/2018-03-29_181802__17.txt,10.0,b'0000000000000000',0.9997977207764328,10,3024
320,1000000,,noise,,,b'FFF32C650496B59C',5.0db_10.0sigma_haystacks/2018-03-29_181802__18.txt,10.0,b'0000000000000000',0.9998042818666261,10,3024
321,1000000,,noise,,,b'FFF285D544A35EAD',5.0db_10.0sigma_haystacks/2018-03-29_181802__19.txt,10.0,b'0000000000000000',0.9997943540262333,10,3024
322,1000000,,noise,,,b'FFF332790E505813',5.0db_10.0sigma_haystacks/2018-03-29_181802__2.txt,10.0,b'0000000000000000',0.9998046441599525,10,3024
323,1000000,,noise,,,b'FFF3FF699AF69B4E',5.0db_10.0sigma_haystacks/2018-03-29_181802__20.txt,10.0,b'0000000000000000',0.9998168595147611,10,3024
324,1000000,,noise,,,b'FFF39263385DE811',5.0db_10.0sigma_haystacks/2018-03-29_181802__21.txt,10.0,b'0000000000000000',0.9998103611218238,10,3024
325,1000000,,noise,,,b'FFF27F2902D0853B',5.0db_10.0sigma_haystacks/2018-03-29_181802__22.txt,10.0,b'0000000000000000',0.9997939562916277,10,3024
326,1000000,,noise,,,b'FFF30938BD789BD6',5.0db_10.0sigma_haystacks/2018-03-29_181802__23.txt,10.0,b'0000000000000000',0.9998021853948295,10,3024
327,1000000,,noise,,,b'FFF413CEDB2BD86A',5.0db_10.0sigma_haystacks/2018-03-29_181802__24.txt,10.0,b'0000000000000000',0.9998180751819484,10,3024
328,1000000,,noise,,,b'FFF1D75EBD951E74',5.0db_10.0sigma_haystacks/2018-03-29_181802__25.txt,10.0,b'0000000000000000',0.999783955221194,10,3024
329,1000000,,noise,,,b'FFF2DDEF6F2C5898',5.0db_10.0sigma_haystacks/2018-03-29_181802__26.txt,10.0,b'0000000000000000',0.9997996053272556,10,3024
330,1000000,,noise,,,b'FFF3143F7B97CD14',5.0db_10.0sigma_haystacks/2018-03-29_181802__27.txt,10.0,b'0000000000000000',0.9998028426158208,10,3024
331,1000000,,noise,,,b'FFF3650F26181F23',5.0db_10.0sigma_haystacks/2018-03-29_181802__28.txt,10.0,b'0000000000000000',0.999807659338416,10,3024
332,1000000,,noise,,,b'FFF3939690AFC07A',5.0db_10.0sigma_haystacks/2018-03-29_181802__29.txt,10.0,b'0000000000000000',0.9998104326811577,10,3024
333,1000000,,noise,,,b'FFF2FC6DB3230BFE',5.0db_10.0sigma_haystacks/2018-03-29_181802__3.txt,10.0,b'00000000000DF150',0.9998014228650726,10,3024
334,1000000,,noise,,,b'FFF149138E0EDD25',5.0db_10.0sigma_haystacks/2018-03-29_181802__30.txt,10.0,b'0000000000000000',0.9997754738561144,10,3024
335,1000000,,noise,,,b'FFF3C94226A8246E',5.0db_10.0sigma_haystacks/2018-03-29_181802__31.txt,10.0,b'000000000002C6E3',0.999813631677768,10,3024
336,1000000,,noise,,,b'FFF4008FBFB7FEFF',5.0db_10.0sigma_haystacks/2018-03-29_181802__32.txt,10.0,b'0000000000066618',0.9998169280003992,10,3024
337,1000000,,noise,,,b'FFF38F89A2FE4159',5.0db_10.0sigma_haystacks/2018-03-29_181802__33.txt,10.0,b'0000000000000000',0.99981019125243,10,3024
338,1000000,,noise,,,b'FFF2692A6C2CD934',5.0db_10.0sigma_haystacks/2018-03-29_181802__34.txt,10.0,b'0000000000000000',0.9997926453180982,10,3024
339,1000000,,noise,,,b'FFF37C4A5FDE5B29',5.0db_10.0sigma_haystacks/2018-03-29_181802__35.txt,10.0,b'00000000000659B0',0.9998090440347992,10,3024
340,1000000,,noise,,,b'FFF19AA7D7D7A969',5.0db_10.0sigma_haystacks/2018-03-29_181802__36.txt,10.0,b'0000000000000000',0.9997803363583829,10,3024
341,1000000,,noise,,,b'FFF26AEA4558EF70',5.0db_10.0sigma_haystacks/2018-03-29_181802__37.txt,10.0,b'00000000000E3A9E',0.9997927495909129,10,3024
342,1000000,,noise,,,b'FFF40400C89FF077',5.0db_10.0sigma_haystacks/2018-03-29_181802__38.txt,10.0,b'00000000000650E1',0.9998171331322963,10,3024
343,1000000,,noise,,,b'FFF2BF0BA35C32A2',5.0db_10.0sigma_haystacks/2018-03-29_181802__39.txt,10.0,b'0000000000000000',0.9997977641499893,10,3024
344,1000000,,noise,,,b'FFF3325CFCC73B13',5.0db_10.0sigma_haystacks/2018-03-29_181802__4.txt,10.0,b'0000000000000000',0.9998046376247459,10,3024
345,1000000,,noise,,,b'FFF3100AE9792F5F',5.0db_10.0sigma_haystacks/2018-03-29_181802__40.txt,10.0,b'0000000000000000',0.9998025919571532,10,3024
346,1000000,,noise,,,b'FFF3B3AF57EBFBBD',5.0db_10.0sigma_haystacks/2018-03-29_181802__41.txt,10.0,b'0000000000000000',0.9998123457989293,10,3024
347,1000000,,noise,,,b'FFF1C6D40DBD0962',5.0db_10.0sigma_haystacks/2018-03-29_181802__42.txt,10.0,b'0000000000000000',0.9997829692563195,10,3024
348,1000000,,noise,,,b'FFF3B78F8DB4C2DF',5.0db_10.0sigma_haystacks/2018-03-29_181802__43.txt,10.0,b'0000000000000000',0.9998125768158443,10,3024
349,1000000,,noise,,,b'FFF2CAE6187F515F',5.0db_10.0sigma_haystacks/2018-03-29_181802__44.txt,10.0,b'0000000000000000',0.9997984706646978,10,3024
350,1000000,,noise,,,b'FFF324D867898F3D',5.0db_10.0sigma_haystacks/2018-03-29_181802__45.txt,10.0,b'0000000000000000',0.9998038318949851,10,3024
351,1000000,,noise,,,b'FFF3CAD8BEB8EC59',5.0db_10.0sigma_haystacks/2018-03-29_181802__46.txt,10.0,b'0000000000000000',0.9998137263453122,10,3024
352,1000000,,noise,,,b'FFF2FB32DC5BEB22',5.0db_10.0sigma_haystacks/2018-03-29_181802__47.txt,10.0,b'00000000000D2DE1',0.9998013495609112,10,3024
353,1000000,,noise,,,b'FFF155BEB09DD47C',5.0db_10.0sigma_haystacks/2018-03-29_181802__48.txt,10.0,b'0000000000000000',0.9997762289573225,10,3024
354,1000000,,noise,,,b'FFF3C53523F01959',5.0db_10.0sigma_haystacks/2018-03-29_181802__49.txt,10.0,b'00000000000D04F1',0.9998133902299177,10,3024
355,1000000,,noise,,,b'FFF2C17F5DEDC143',5.0db_10.0sigma_haystacks/2018-03-29_181802__5.txt,10.0,b'0000000000000000',0.9997979103044861,10,3024
356,1000000,,noise,,,b'FFF3814B7BC719CD',5.0db_10.0sigma_haystacks/2018-03-29_181802__6.txt,10.0,b'0000000000000000',0.999809342316237,10,3024
357,1000000,,noise,,,b'FFF338E7BC65B131',5.0db_10.0sigma_haystacks/2018-03-29_181802__7.txt,10.0,b'00000000000CF791',0.9998050275575199,10,3024
358,1000000,,noise,,,b'FFF3DA5C4A5E2D65',5.0db_10.0sigma_haystacks/2018-03-29_181802__8.txt,10.0,b'00000000000B35F1',0.999814651042805,10,3024
359,1000000,,noise,,,b'FFF3BA2161B7F846',5.0db_10.0sigma_haystacks/2018-03-29_181802__9.txt,10.0,b'00000000000398ED',0.9998127299784015,10,3024
